tonvcord@gmail.com:Ton86120765
htongamerbrr@gmail.com:Ton86120765
tonvcord@gmail.com:Ton86120765
htongamerbrr@gmail.com:Ton86120765
tonvcord@gmail.com:Ton86120765
htongamerbrr@gmail.com:Ton86120765
rodolfoaraujo360@gmail.com:A1b2c3d4e5
rodolfoaraujo360@gmail.com:A1b2c3d4e5
rodolfoaraujo360@gmail.com:A1b2c3d4e5
jibrilfathurrohman49:Alhamdulillah
jibrilfathurrohman49@gmail.com:Alhamdulillah
jibrilfathurrohman49:Alhamdulillah
jibrilfathurrohman49@gmail.com:Alhamdulillah
jibrilfathurrohman49:Alhamdulillah
jibrilfathurrohman49@gmail.com:Alhamdulillah
jibrilfathurrohman49:Alhamdulillah
jibrilfathurrohman49@gmail.com:Alhamdulillah
jibrilfathurrohman49:Alhamdulillah
jibrilfathurrohman49@gmail.com:Alhamdulillah
jibrilfathurrohman49:Alhamdulillah
jibrilfathurrohman49@gmail.com:Alhamdulillah
kusumaradha359@gmail.com:KadekRadhaDw
komangverygunawan@gmail.com:komang100%
kusumaradha359@gmail.com:KadekRadhaDw
komangverygunawan@gmail.com:komang100%
nocz.nowyouseeme@gmail.com:Jangandiganti1
nocz.nowyouseeme@gmail.com:Jangandiganti1
nocz.nowyouseeme@gmail.com:Jangandiganti1
nocz.nowyouseeme@gmail.com:Jangandiganti1
nocz.nowyouseeme@gmail.com:Jangandiganti1
nocz.nowyouseeme@gmail.com:Jangandiganti1
wahyusetiawann298@gmail.com:Wahyu123456
wahyusetiawann298@gmail.com:Wahyu123456
wahyusetiawann298@gmail.com:Wahyu123456
wahyusetiawann298@gmail.com:Wahyu123456
wahyusetiawann298@gmail.com:Wahyu123456
wahyusetiawann298@gmail.com:Wahyu123456
ygytgta@gmail.com:Satria3angka
ygytgta@gmail.com:Satria3angka
ygytgta@gmail.com:Satria3angka
ygytgta@gmail.com:Satria3angka
ygytgta@gmail.com:Satria3angka
lintangsyahdewo26@gmail.com:Lintang02
lintangsyahdewo26@gmail.com:Lintang02
ahsinapri@gmail.com:Lutfi1234
ahsinapri@gmail.com:Lutfi1234
ahsinapri@gmail.com:Lutfi1234
ahsinapri@gmail.com:Lutfi1234
ahsinapri@gmail.com:Lutfi1234
ahsinapri@gmail.com:Lutfi1234
ahsinapri@gmail.com:Lutfi1234
ahsinapri@gmail.com:Lutfi1234
albertyabzkie@gmail.com:Albert18
hbisco675@gmail.com:Yabut08271999
albertyabzkie@gmail.com:Albert18
hbisco675@gmail.com:Yabut08271999
albertyabzkie@gmail.com:Albert18
hbisco675@gmail.com:Yabut08271999
albertyabzkie@gmail.com:Albert18
hbisco675@gmail.com:Yabut08271999
albertyabzkie@gmail.com:Albert18
hbisco675@gmail.com:Yabut08271999
albertyabzkie@gmail.com:Albert18
hbisco675@gmail.com:Yabut08271999
BastaAkoSiJoshua:Fannylangalamko
BastaAkoSiJoshua:Fannylangalamko
BastaAkoSiJoshua:Fannylangalamko
BastaAkoSiJoshua:Fannylangalamko
alzigdelacruz@gmail.com:Alzigjoshua
asterjacobdelacruz@gmail.com:Asterjacob
alzigdelacruz@gmail.com:Alzigjoshua
asterjacobdelacruz@gmail.com:Asterjacob
alzigdelacruz@gmail.com:Alzigjoshua
asterjacobdelacruz@gmail.com:Asterjacob
alzigdelacruz@gmail.com:Alzigjoshua
asterjacobdelacruz@gmail.com:Asterjacob
alzigdelacruz@gmail.com:Alzigjoshua
asterjacobdelacruz@gmail.com:Asterjacob
alzigdelacruz@gmail.com:Alzigjoshua
asterjacobdelacruz@gmail.com:Asterjacob
alzigdelacruz@gmail.com:Alzigjoshua
asterjacobdelacruz@gmail.com:Asterjacob
josh.adrianne05@gmail.com:Joshadrianne14
lordembiagcong@gmail.com:Aether116
lorenzkaskaho@gmail.com:Lorenzfranco
melvyn0627@gmail.com:Thirdy27
yakason116@gmail.com:GAGOikaw123
znvidiax@gmail.com:Aether116
josh.adrianne14@gmail.com:Joshadrianne14
joelkaskaho@gmail.com:Lorenzfranco
kean.zxc1@gmail.com:09184027158Keng
lordemranit@gmail.com:Aether1416
Andreifranco_96:Franco123451188
giankyruhacosta@gmail.com:Secretheart16
Francoandrei_96:Franco123451188
valorantlangmalakas123@gmail.com:Aether1416
JayceEranista015@gmail.com:Fairytail
Lorenzoandrei_96:Franco123451188
eto.padin30@gmail.com:Etopadin30
eto.padin31@gmail.com:Etopadin31
lheimanansala012378@gmail.com:Lhei012378
josh.adrianne05@gmail.com:Joshadrianne14
lordembiagcong@gmail.com:Aether116
lorenzkaskaho@gmail.com:Lorenzfranco
melvyn0627@gmail.com:Thirdy27
yakason116@gmail.com:GAGOikaw123
znvidiax@gmail.com:Aether116
josh.adrianne14@gmail.com:Joshadrianne14
joelkaskaho@gmail.com:Lorenzfranco
kean.zxc1@gmail.com:09184027158Keng
lordemranit@gmail.com:Aether1416
Andreifranco_96:Franco123451188
giankyruhacosta@gmail.com:Secretheart16
Francoandrei_96:Franco123451188
valorantlangmalakas123@gmail.com:Aether1416
JayceEranista015@gmail.com:Fairytail
Lorenzoandrei_96:Franco123451188
eto.padin30@gmail.com:Etopadin30
eto.padin31@gmail.com:Etopadin31
lheimanansala012378@gmail.com:Lhei012378
josh.adrianne05@gmail.com:Joshadrianne14
lordembiagcong@gmail.com:Aether116
lorenzkaskaho@gmail.com:Lorenzfranco
melvyn0627@gmail.com:Thirdy27
yakason116@gmail.com:GAGOikaw123
znvidiax@gmail.com:Aether116
josh.adrianne14@gmail.com:Joshadrianne14
joelkaskaho@gmail.com:Lorenzfranco
kean.zxc1@gmail.com:09184027158Keng
lordemranit@gmail.com:Aether1416
Andreifranco_96:Franco123451188
giankyruhacosta@gmail.com:Secretheart16
Francoandrei_96:Franco123451188
valorantlangmalakas123@gmail.com:Aether1416
JayceEranista015@gmail.com:Fairytail
Lorenzoandrei_96:Franco123451188
eto.padin30@gmail.com:Etopadin30
eto.padin31@gmail.com:Etopadin31
lheimanansala012378@gmail.com:Lhei012378
josh.adrianne05@gmail.com:Joshadrianne14
lordembiagcong@gmail.com:Aether116
lorenzkaskaho@gmail.com:Lorenzfranco
melvyn0627@gmail.com:Thirdy27
yakason116@gmail.com:GAGOikaw123
znvidiax@gmail.com:Aether116
josh.adrianne14@gmail.com:Joshadrianne14
joelkaskaho@gmail.com:Lorenzfranco
kean.zxc1@gmail.com:09184027158Keng
lordemranit@gmail.com:Aether1416
Andreifranco_96:Franco123451188
giankyruhacosta@gmail.com:Secretheart16
Francoandrei_96:Franco123451188
valorantlangmalakas123@gmail.com:Aether1416
JayceEranista015@gmail.com:Fairytail
Lorenzoandrei_96:Franco123451188
eto.padin30@gmail.com:Etopadin30
eto.padin31@gmail.com:Etopadin31
lheimanansala012378@gmail.com:Lhei01237
jameskennethgacusan09@gmail.com:GGacusan091202
wesleythristan@gmail.com:ThristanWesley04
exodustobi24@gmail.com:Akosimark112233
exodustobi24@gmail.com:Akosimark112233
exodustobi24@gmail.com:Akosimark112233
exodustobi24@gmail.com:Akosimark112233
exodustobi24@gmail.com:Akosimark112233
Doom5875@gmail.com:d7123456789
Doom5875@gmail.com:d7123456789
Doom5875@gmail.com:d7123456789
Doom5875@gmail.com:d7123456789
Doom5875@gmail.com:d7123456789
iharrakay@gmail.com:R19861411r
iharrakay@gmail.com:R19861411r
ivanmartoran@gmail.com:IvanMartoran22
failakarizky18@gmail.com:failaka18
failakarizky18:failaka18
failakarizky18@gmail.com:failaka18
failakarizky18:failaka18
muhrestufauzie13@gmail.com:Restu1006
mejakursi445@yahoo.com:Mejabundar123
marioardhana37@gmail.com:MarioVa1232
mariovalentino6631@gmail.com:MarioVa123
mariovalrntino666:MarioVa1232
marioardhana37@gmail.com:MarioVa1232
mariovalentino6631@gmail.com:MarioVa123
mariovalrntino666:MarioVa1232
raegenttumbelaka@gmail.com:Trezeguet09
raegenttumbelaka@gmail.com:Trezeguet09_
uchralbaba@gmail.com:Mm99043014
byambadorjuchral@gmail.com:Mm99043014
uchralbaba@gmail.com:Mm99043014
aqmarzai@gmail.com:Aqm754054
aqmarzai@gmail.com:Aqm754054
lesterdalugduganlopez21@gmail.com:Realme21
amamalmakki:Amampoyo12
amamalmakki@gmai.Com:Amampoyo12
amamalmakki@gmail.com:Amampoyo12
Ikanfish:Amampoyo12
hlnrg1003@gmail.com:Oct10101992
irsyaddanialx2009@gmail.com:EpicGameSpo1
irsyaddanialx2009@gmail.com:EpicGameSpo1
afandyhaer@gmail.com:Afandi013606
anujawale06@gmail.com:Anuj3105
azackmakoto@gmail.com:DNSvaCLbps!98MW
lerirazmadze310@gmail.com:Pirveli123
lerirazmadze310@gmail.com:Pirveli123
raegenttumbelaka@gmail.com:Trezeguet09
raegenttumbelaka@gmail.com:Trezeguet09_
afandyhaer@gmail.com:Afandi013606
mejakursi445@yahoo.com:Mejabundar123
max3342ipp@gmail.com:Mudamuda12
max3342ipp@gmail.com:Mudamuda12
haliarni89@gmail.com:Aliarni123
mhdd.hanafi08@gmail.com:Mhanafi
ibnuhafiz005@gmail.com:Ibnu2005
haliarni89@gmail.com:Aliarni123
mhdd.hanafi08@gmail.com:Mhanafi
anujawale06@gmail.com:Anuj3105
anujawale06@gmail.com:Anuj3105
hzedeias35@gmail.com:Maa1maa2
zedeias35@gmail.com:Maa1maa2
hUnazukygfake@gmail.com:Unazuky12
hLukinhasls598@gmail.com:Lucas1234
hnidavalir.717@gmail.com:Skywrath22
hnidaval.212@gmail.com:Skywrath22
charlesesc.717@gmail.com:Bonepuns123
raegenttumbelaka@gmail.com:Trezeguet09
raegenttumbelaka@gmail.com:Trezeguet09_
mejakursi445@yahoo.com:Mejabundar123
anujawale06@gmail.com:Anuj3105
nt509356@gmail.com:Rcid1234
htoo.org@icloud.com:19970920Ss
larafiq51@gmail.com:Icantdoit
nadirahherahh@gmail.com:Makemesmile99
storelavienrose@gmail.com:Makemesmile99
larafiq51@gmail.com:Icantdoit
nadirahherahh@gmail.com:Makemesmile99
storelavienrose@gmail.com:Makemesmile99
christiancaindoy7@gmail.com:09391653129
MERRYGRACE_21:Merrygrace21
aytugbektas1126@gmail.com:Aytug1126
aytugbektas1126@gmail.com:Aytug1126
tauahgelap12@gmail.com:Tampilan12
vanirahmawati678@gmail.com:Va20ni02ra02
tauahgelap12@gmail.com:Tampilan12
vanirahmawati678@gmail.com:Va20ni02ra02
tauahgelap12@gmail.com:Tampilan12
vanirahmawati678@gmail.com:Va20ni02ra02
seanrabariaa@gmail.com:Fighter908
hseanrabariaa@gmail.com:Fighter908
seanrabariaa@gmail.com:Fighter908
hseanrabariaa@gmail.com:Fighter908
jeromealiga28@gmail.com:Jhelica1528
hjeromealiga28@gmail.com:Jhelica1528
jeromealiga28@gmail.com:Jhelica1528
hjeromealiga28@gmail.com:Jhelica1528
jeromealiga28@gmail.com:Jhelica1528
hjeromealiga28@gmail.com:Jhelica1528
jeromealiga28@gmail.com:Jhelica1528
hjeromealiga28@gmail.com:Jhelica1528
jeromealiga28@gmail.com:Jhelica1528
hjeromealiga28@gmail.com:Jhelica1528
jeromealiga28@gmail.com:Jhelica1528
hjeromealiga28@gmail.com:Jhelica1528
jeromealiga28@gmail.com:Jhelica1528
hjeromealiga28@gmail.com:Jhelica1528
jeromealiga28@gmail.com:Jhelica1528
hjeromealiga28@gmail.com:Jhelica1528
exodustobi24@gmail.com:Akosimark112233
exodustobi24@gmail.com:Akosimark112233
exodustobi24@gmail.com:Akosimark112233
exodustobi24@gmail.com:Akosimark112233
exodustobi24@gmail.com:Akosimark112233
ali.com.05075270896@gmail.com:Mastermakoo5519977
ali.com.05075270896@gmail.com:Mastermakoo5519977
ali.com.05075270896@gmail.com:Mastermakoo5519977
ali.com.05075270896@gmail.com:Mastermakoo5519977
ali.com.05075270896@gmail.com:Mastermakoo5519977
ali.com.05075270896@gmail.com:Mastermakoo5519977
rodcardal9@gmail.com:G6r7d8a9
rathankphoung@gmail.com:Rathank1234@#$
apisnano@gmail.com:Peleng77
apisnano2@gmail.com:Peleng77
apisnano10@gmail.com:Peleng77
apisnano@gmail.com:Peleng77
apisnano2@gmail.com:Peleng77
apisnano10@gmail.com:Peleng77
apisnano@gmail.com:Peleng77
apisnano2@gmail.com:Peleng77
apisnano10@gmail.com:Peleng77
muhdazrifadli@gmail.com:Basikal0199
Fareezhafizi08@gmail.com:Fareez0585
darellcolumbano@gmail.com:Darkkona1997
joanndayrit23@gmail.com:khianazrieldayrit0123
migguellweyne29@gmail.com:Dimacalifamily
migguellweyne29@gmail.com:Dimacalifamily
vinzjadeteraza1019@gmail.com:Itsjhay01
franklinrussol:28081996Aa
kaykyimin7@gmail.com:KayTwoM2442002
althenaali@gmail.com:Nicolemaganda123
afrisyafelice@gmail.com:Afrisya070803
hinatashouyooooo@gmail.com:Nofrince123
anujawale06@gmail.com:Anuj3105
amamalmakki:Amampoyo12
amamalmakki@gmai.Com:Amampoyo12
amamalmakki@gmail.com:Amampoyo12
hlnrg1003@gmail.com:Oct10101992
phyu41798@gmail.com:Parkse0khyung
hUNKNOWN:Mrbe1234567
afandyhaer@gmail.com:Afandi013606
alvarorafiqsaputra2021@gmail.com:AlvaroRS24112021
irsyaddanialx2009@gmail.com:EpicGameSpo1
irsyaddanialx2009@gmail.com:EpicGameSpo1
afandyhaer@gmail.com:Afandi013606
anujawale06@gmail.com:Anuj3105
azackmakoto@gmail.com:DNSvaCLbps!98MW
muhrestufauzie13@gmail.com:Restu1006
moshigills@gmail.com:Kabilan97
arishichill@gmail.com:Arishi1991
h970818145941:Kabilan97@
hkabilanofrepublix@gmail.com:mucebilen97
0163097769:Mucebilen97
moshigills@gmail.com:BDnzhwgg8FDkFct8
hashjh100104@gmail.com:Nctzens04
hheeyanfeng@gmail.com:AB290c7CCD
 heeyanfeng@gmail.com:AB290c7CCD
hheeyanfeng@gmail.com:AB290c7CCD
 heeyanfeng@gmail.com:AB290c7CCD
isyrafhadif06@gmail.com:IsyrafIzzan
isyrafhadif06@gmail.com:IsyrafIzzan
 mascarinasangel14@gmail.com:angel_123
amoyymackie@gmail.com:Udc@v-A9rHH827j
mejakursi445@yahoo.com:Mejabundar123
sawamuraegen@gmail.com:Trezeguet09
dieterbravodaddy09:trezeguet09
anujawale06@gmail.com:Anuj3105
nt509356@gmail.com:Rcid1234
htoo.org@icloud.com:19970920Ss
nadirahherahh@gmail.com:Makemesmile99
Orchid:Makemesmile99
OrchidMY:Makemesmile99.
990219016628:Makemesmile99.
nadirahherahh@gmail.com:Makemesmilemydear99
holachingu99@gmail.com:Makemesmile99
 mascarinasangel14@gmail.com:angel_123
MERRYGRACE_21:Merrygrace21
hnidavalir.717@gmail.com:Skywrath22
hnidaval.212@gmail.com:Skywrath22
charlesesc.717@gmail.com:Bonepuns123
daudhasbullah14:0193787899Op
dumanselcuk404@gmail.com:25451812
kgame9114@gmail.com:kevinpudim9114
hadiniz437@gmail.com:33402124aA
lerirazmadze310@gmail.com:Pirveli123
lerirazmadze310@gmail.com:Pirveli123
kaykyimin7@gmail.com:KayTwoM2442002
ronarkyle21@gmail.com:Festelando21
aaqilroslan21@gmail.com:Aaqil21gay
FARHAN2810:FaRhAn
zeyadsarhan3:65766576YAS
axellibert63@gmail.com:Axel2002
akatsukicrisostomo@gmail.com:VanGuard2022
akatsukicrisostomo@gmail.com:VanGuard2022
sukmanax@gmail.com:Synisters91
sukmanax@gmail.com:Synisters91
hminegamers033@gmail.com:Kelvin21
kelvinrmdn02@gmail.com:Kelv1n03
hminegamers033@gmail.com:Kelvin21
kelvinrmdn02@gmail.com:Kelv1n03
nandezyahyah@gmail.com:BulanTanggal13
famelinda2006@gmail.com:minecraftfan
algi123721@gmail.com:Alghi721
algi123721@gmail.com:Alghi721
danangsmg123@gmail.com:Hoki1234
rakhaizdihar05@gmail.com:RAKHA1245
dwiprasetyamahardika02:Rafasyah19776
Jerry20:Jerry20
jindan21:123456Ab
hrakhaizdihar14@gmail.com:rakha999
855320:Andrebebe25
tezharnoor5@gmail.com:Echan09022001
holanj78@gmail.com:Mohamed2211
linkaungmyat2.kth@gmail.com:Oscar123
linkaungmyat.kth:Oscar123
shinkhantbo135@gmail.com:SKB135135
moshiyui97:2009may6^
Hurelbaatarmargad:Margad0109
01margad09:Margad0109
01margad09:Margad0109
Hurelbaatarmargad:Margad0109
01margad09:Margad0109
Hurelbaatarmargad:Margad0109
ktan1379@gmail.com:KKt26700
ktan1379@gmail.com:KKt26700
Bluemoon13102@gmail.com:Bluemoon312
bluemoon:Bluemoon13
marshyhaya@gmail.com:Adamemry12345
wanzainal125@gmail.com:Innawan1
janih90an@gmail.com:Rst123
dany6713:Danyjer121
dany6713:Danyjer121
shaminaqil80@gmail.com:Aqil1230
daneial08@gmail.com:Daneial301008
daneial08@gmail.com:Daneial301008
Hafizuddin0257:Hafizuddin0257
Aldavemark26@gmail.com:SAWAMURA26
rolandopaguinto0@gmail.com:MR$8K5CBFm!zMNG
rolandopaguinto0@gmail.com:MR$8K5CBFm!zMNG
asdfghjkL:Lkjhgfdsa
vonxterv@gmail.com:vonxterv@gmail.com
rohanhailey030210@gmail.com:foxy@ror
kanutwo111400:Jonhkenneth123
kanutwo111400:Jonhkenneth123
josephinedayao1948@gmail.com:alexisdayao12345678
NathanielRosopa:NathanielRosopa122
neilcabrillas26:Neil2023
martineznikkz20@gmail.com:martinez20.com
alexandergj0501@gmail.com:Alex123
herneecamedalla12@gmail.com:KyleHerneeca28
wynblox@gmail.com:Gusionforever
wynblox@gmail.com:Gusionforever
rovewin22:592435100
Aldavemark26@gmail.com:SAWAMURA26
clivejohnhinampas@gmail.com:Idoljustin
ffomarslama@gmail.com:omarslama1235
ervacus@gmail.com:ErVa777
semihfzoglu@gmail.com:gokalp
endertokozlu@gmail.com:Adana123
endertokozlu@gmail.com:Adana123
garyfernandosillo@gmail.com:fERNANDO71259970
hzedeias35@gmail.com:Maa1maa2
zedeias35@gmail.com:Maa1maa2
hUnazukygfake@gmail.com:Unazuky12
hLukinhasls598@gmail.com:Lucas1234
wahyukolek327@gmail.com:Kucluk327
kodraua@gmail.com:Avrams
shinkhantbo135@gmail.com:SKB135135
nt509356@gmail.com:Rcid1234
htoo.org@icloud.com:19970920Ss
Betterthistime@gmail.com:AyidBrad2006
AyidBrad06@gmail.com:AyidBrad2006
rahilzuhrah@gmail.com:Mythical
rahilzuhrah@gmail.com:Mythical
napasa.here@gmail.com:Napasa26$
amamalmakki@gmail.com:Amampoyo12
Ikanfish:Amampoyo12
benja2002jamil11@gmail.com:1108Jamil
johnlenardgarcia55@gmail.com:Angcuteko
rolandopaguinto0@gmail.com:MR$8K5CBFm!zMNG
rolandopaguinto0@gmail.com:MR$8K5CBFm!zMNG
reynaldoguray029@gmail.com:Salvio123
reynaldoguray029@gmail.com:Salvio123
jennyboiser.028@gmail.com:jenny028
amorajovan9@gamil.com:jovan5050
jovanboy12@gmail.com:Catamora12
ser.kadir.yozgat66@gmail.com:Ankara66
ser.kadir.yozgat66@gmail.com:Ankara66
jordanacostab@outlook.com:Jor08072001
edermanuelfortundonais@gmail.com:MILKA1234